{"cameraMode":{"drawMode":0,"name":"Shaded","section":"Shading Mode"},"sceneLighting":false,"audioPlay":false,"sceneViewState":{"showFog":true,"showMaterialUpdate":false,"showSkybox":true,"showFlares":true,"showImageEffects":true,"showParticleSystems":true},"in2DMode":false,"pivot":{"x":0.31972333788871767,"y":0.955923318862915,"z":-0.010258674621582032},"rotation":{"x":0.017985239624977113,"y":0.9117111563682556,"z":-0.04014219343662262,"w":0.4084702730178833},"size":5.378471851348877,"orthographic":false}