{"cameraMode":{"drawMode":0,"name":"Shaded","section":"Shading Mode"},"sceneLighting":false,"audioPlay":false,"sceneViewState":{"showFog":true,"showMaterialUpdate":false,"showSkybox":true,"showFlares":true,"showImageEffects":true,"showParticleSystems":true},"in2DMode":false,"pivot":{"x":2.502626657485962,"y":0.07345272600650788,"z":3.1648411750793459},"rotation":{"x":0.004256600048393011,"y":-0.9047898054122925,"z":-0.009047228842973709,"w":-0.4257412254810333},"size":3.997278928756714,"orthographic":false}